file name,visibility,x-coordinate,y-coordinate,status
ezgif-frame-001.jpg,2,287,259,0
ezgif-frame-002.jpg,2,286,258,0
ezgif-frame-003.jpg,2,286,257,0
ezgif-frame-004.jpg,2,285,256,0
ezgif-frame-005.jpg,2,284,256,0
ezgif-frame-006.jpg,2,283,256,0
ezgif-frame-007.jpg,2,280,264,0
ezgif-frame-008.jpg,2,277,270,0
ezgif-frame-009.jpg,2,277,278,0
ezgif-frame-010.jpg,2,282,277,0
ezgif-frame-011.jpg,2,290,247,0
ezgif-frame-012.jpg,1,301,228,0
ezgif-frame-013.jpg,1,299,196,0
ezgif-frame-014.jpg,1,298,178,0
ezgif-frame-015.jpg,1,295,157,0
ezgif-frame-016.jpg,1,292,145,0
ezgif-frame-017.jpg,2,289,133,0
ezgif-frame-018.jpg,1,288,130,0
ezgif-frame-019.jpg,1,289,129,0
ezgif-frame-020.jpg,1,286,131,0
ezgif-frame-021.jpg,1,283,141,0
ezgif-frame-022.jpg,1,280,149,0
ezgif-frame-023.jpg,1,280,167,1
ezgif-frame-024.jpg,1,292,151,0
ezgif-frame-025.jpg,1,297,132,0
ezgif-frame-026.jpg,2,306,130,2
ezgif-frame-027.jpg,2,306,129,2
ezgif-frame-028.jpg,1,308,98,0
ezgif-frame-029.jpg,1,311,74,0
ezgif-frame-030.jpg,1,310,66,0
ezgif-frame-031.jpg,1,302,66,1
ezgif-frame-032.jpg,2,297,71,1
ezgif-frame-033.jpg,1,287,80,0
ezgif-frame-034.jpg,1,280,88,0
ezgif-frame-035.jpg,1,271,104,0
ezgif-frame-036.jpg,1,261,115,0
ezgif-frame-037.jpg,1,247,139,0
ezgif-frame-038.jpg,1,240,157,0
ezgif-frame-039.jpg,1,224,185,0
ezgif-frame-040.jpg,1,216,200,2
ezgif-frame-041.jpg,1,203,201,2
ezgif-frame-042.jpg,1,194,205,0
ezgif-frame-043.jpg,1,181,213,0
ezgif-frame-044.jpg,1,171,224,0
ezgif-frame-045.jpg,1,156,242,1
ezgif-frame-046.jpg,1,191,203,1
ezgif-frame-047.jpg,1,227,169,0
ezgif-frame-048.jpg,1,248,149,0
ezgif-frame-049.jpg,1,273,128,0
ezgif-frame-050.jpg,1,294,116,0
ezgif-frame-051.jpg,1,308,114,0
ezgif-frame-052.jpg,1,319,112,0
ezgif-frame-053.jpg,1,337,111,0
ezgif-frame-054.jpg,1,342,114,2
ezgif-frame-055.jpg,1,354,102,2
ezgif-frame-056.jpg,2,364,94,0
ezgif-frame-057.jpg,1,365,82,0
ezgif-frame-058.jpg,2,373,79,0
ezgif-frame-059.jpg,2,382,79,0
ezgif-frame-060.jpg,1,382,78,1
ezgif-frame-061.jpg,1,376,78,1
ezgif-frame-062.jpg,1,360,75,0
ezgif-frame-063.jpg,1,342,79,0
ezgif-frame-064.jpg,1,331,86,0
ezgif-frame-065.jpg,1,311,104,0
ezgif-frame-066.jpg,1,300,118,0
ezgif-frame-067.jpg,1,280,144,0
ezgif-frame-068.jpg,1,266,166,0
ezgif-frame-069.jpg,1,246,203,0
ezgif-frame-070.jpg,1,230,236,2
ezgif-frame-071.jpg,1,212,240,2
ezgif-frame-072.jpg,1,202,238,2
ezgif-frame-073.jpg,1,183,243,0
ezgif-frame-074.jpg,1,170,249,0
ezgif-frame-075.jpg,1,196,219,1
ezgif-frame-076.jpg,1,229,187,0
ezgif-frame-077.jpg,1,263,155,0
ezgif-frame-078.jpg,1,283,140,0
ezgif-frame-079.jpg,1,304,125,0
ezgif-frame-080.jpg,1,315,120,0
ezgif-frame-081.jpg,1,329,118,0
ezgif-frame-082.jpg,1,336,118,2
ezgif-frame-083.jpg,1,343,107,2
ezgif-frame-084.jpg,1,349,96,0
ezgif-frame-085.jpg,1,353,84,0
ezgif-frame-086.jpg,2,357,81,0
ezgif-frame-087.jpg,2,359,76,1
ezgif-frame-088.jpg,2,360,71,0
ezgif-frame-089.jpg,2,360,72,1
ezgif-frame-090.jpg,1,356,77,0
ezgif-frame-091.jpg,1,352,81,0
ezgif-frame-092.jpg,1,352,86,0
ezgif-frame-093.jpg,1,348,92,0
ezgif-frame-094.jpg,1,349,105,0
ezgif-frame-095.jpg,1,350,122,0
ezgif-frame-096.jpg,1,351,136,0
ezgif-frame-097.jpg,1,352,159,0
ezgif-frame-098.jpg,1,352,178,0
ezgif-frame-099.jpg,1,353,212,0
ezgif-frame-100.jpg,1,355,228,2
ezgif-frame-101.jpg,1,360,223,2
ezgif-frame-102.jpg,1,364,224,0
ezgif-frame-103.jpg,1,368,231,0
ezgif-frame-104.jpg,1,371,239,0
ezgif-frame-105.jpg,1,359,217,1
ezgif-frame-106.jpg,1,340,187,0
ezgif-frame-107.jpg,1,317,156,0
ezgif-frame-108.jpg,2,302,139,0
ezgif-frame-109.jpg,1,285,126,0
ezgif-frame-110.jpg,1,275,123,0
ezgif-frame-111.jpg,1,261,119,0
ezgif-frame-112.jpg,1,252,120,0
ezgif-frame-113.jpg,1,244,122,2
ezgif-frame-114.jpg,1,237,107,2
ezgif-frame-115.jpg,1,229,94,0
ezgif-frame-116.jpg,1,226,83,0
ezgif-frame-117.jpg,1,222,77,0
ezgif-frame-118.jpg,1,219,74,0
ezgif-frame-119.jpg,1,215,72,1
ezgif-frame-120.jpg,2,214,73,0
ezgif-frame-121.jpg,1,217,76,1
ezgif-frame-122.jpg,1,234,79,0
ezgif-frame-123.jpg,1,240,82,0
ezgif-frame-124.jpg,1,251,90,0
ezgif-frame-125.jpg,1,272,106,0
ezgif-frame-126.jpg,1,286,122,0
ezgif-frame-127.jpg,2,303,132,0
ezgif-frame-128.jpg,1,319,176,0
ezgif-frame-129.jpg,1,344,221,0
ezgif-frame-130.jpg,1,358,253,2
ezgif-frame-131.jpg,1,374,246,2
ezgif-frame-132.jpg,1,387,249,0
ezgif-frame-133.jpg,1,408,258,0
ezgif-frame-134.jpg,1,405,235,1
ezgif-frame-135.jpg,1,387,185,0
ezgif-frame-136.jpg,1,380,163,0
ezgif-frame-137.jpg,1,369,139,0
ezgif-frame-138.jpg,1,365,132,0
ezgif-frame-139.jpg,1,359,121,0
ezgif-frame-140.jpg,1,358,119,0
ezgif-frame-141.jpg,1,351,118,2
ezgif-frame-142.jpg,1,350,114,2
ezgif-frame-143.jpg,1,347,97,0
ezgif-frame-144.jpg,1,348,88,0
ezgif-frame-145.jpg,1,347,79,0
ezgif-frame-146.jpg,2,346,76,0
ezgif-frame-147.jpg,1,345,75,1
ezgif-frame-148.jpg,2,339,77,1
ezgif-frame-149.jpg,1,334,76,1
ezgif-frame-150.jpg,1,328,76,0
ezgif-frame-151.jpg,1,322,81,0
ezgif-frame-152.jpg,1,318,83,0
ezgif-frame-153.jpg,1,312,93,0
ezgif-frame-154.jpg,1,306,100,0
ezgif-frame-155.jpg,1,300,116,0
ezgif-frame-156.jpg,1,296,124,0
ezgif-frame-157.jpg,1,288,149,0
ezgif-frame-158.jpg,1,283,167,0
ezgif-frame-159.jpg,1,275,194,0
ezgif-frame-160.jpg,3,270,212,2
ezgif-frame-161.jpg,1,264,213,2
ezgif-frame-162.jpg,1,263,212,0
ezgif-frame-163.jpg,1,254,215,0
ezgif-frame-164.jpg,1,252,223,0
ezgif-frame-165.jpg,1,245,236,1
ezgif-frame-166.jpg,1,257,212,1
ezgif-frame-167.jpg,1,277,171,0
ezgif-frame-168.jpg,1,289,151,0
ezgif-frame-169.jpg,1,299,133,0
ezgif-frame-170.jpg,1,308,121,0
ezgif-frame-171.jpg,1,317,116,0
ezgif-frame-172.jpg,1,320,115,0
ezgif-frame-173.jpg,1,327,117,2
ezgif-frame-174.jpg,1,332,107,2
ezgif-frame-175.jpg,2,334,98,0
ezgif-frame-176.jpg,1,338,85,0
ezgif-frame-177.jpg,1,341,80,0
ezgif-frame-178.jpg,1,341,77,1
ezgif-frame-179.jpg,1,339,79,1
ezgif-frame-180.jpg,1,331,82,0
ezgif-frame-181.jpg,1,323,87,0
ezgif-frame-182.jpg,1,312,104,0
ezgif-frame-183.jpg,1,300,125,0
ezgif-frame-184.jpg,1,291,141,0
ezgif-frame-185.jpg,1,276,174,0
ezgif-frame-186.jpg,1,264,200,0
ezgif-frame-187.jpg,1,247,219,2
ezgif-frame-188.jpg,1,238,223,2
ezgif-frame-189.jpg,1,221,234,0
ezgif-frame-190.jpg,1,211,246,0
ezgif-frame-191.jpg,1,223,229,1
ezgif-frame-192.jpg,1,251,190,0
ezgif-frame-193.jpg,1,278,160,0
ezgif-frame-194.jpg,1,291,145,0
ezgif-frame-195.jpg,1,310,130,0
ezgif-frame-196.jpg,1,321,123,0
ezgif-frame-197.jpg,2,335,120,0
ezgif-frame-198.jpg,1,344,118,2
ezgif-frame-199.jpg,1,348,115,2
ezgif-frame-200.jpg,1,352,104,0
