file name,visibility,x-coordinate,y-coordinate,status
ezgif-frame-001.jpg,1,364,81,0
ezgif-frame-002.jpg,1,364,82,0
ezgif-frame-003.jpg,1,365,80,0
ezgif-frame-004.jpg,1,366,79,1
ezgif-frame-005.jpg,1,365,80,1
ezgif-frame-006.jpg,1,364,82,0
ezgif-frame-007.jpg,1,357,89,0
ezgif-frame-008.jpg,1,352,97,0
ezgif-frame-009.jpg,1,346,112,0
ezgif-frame-010.jpg,1,342,129,0
ezgif-frame-011.jpg,1,334,158,0
ezgif-frame-012.jpg,1,329,179,0
ezgif-frame-013.jpg,1,319,220,2
ezgif-frame-014.jpg,1,314,218,2
ezgif-frame-015.jpg,1,307,223,0
ezgif-frame-016.jpg,1,303,226,0
ezgif-frame-017.jpg,1,295,238,0
ezgif-frame-018.jpg,1,290,252,0
ezgif-frame-019.jpg,1,292,237,1
ezgif-frame-020.jpg,1,303,201,0
ezgif-frame-021.jpg,1,322,155,0
ezgif-frame-022.jpg,1,331,135,0
ezgif-frame-023.jpg,1,340,115,0
ezgif-frame-024.jpg,1,346,106,0
ezgif-frame-025.jpg,1,354,98,0
ezgif-frame-026.jpg,1,357,95,0
ezgif-frame-027.jpg,1,362,95,0
ezgif-frame-028.jpg,2,369,98,0
ezgif-frame-029.jpg,1,372,98,2
ezgif-frame-030.jpg,1,371,87,0
ezgif-frame-031.jpg,2,372,77,0
ezgif-frame-032.jpg,1,374,67,0
ezgif-frame-033.jpg,1,376,66,1
ezgif-frame-034.jpg,1,355,73,0
ezgif-frame-035.jpg,1,336,79,0
ezgif-frame-036.jpg,1,327,83,0
ezgif-frame-037.jpg,1,294,110,0
ezgif-frame-038.jpg,1,279,127,0
ezgif-frame-039.jpg,1,252,160,0
ezgif-frame-040.jpg,1,232,188,0
ezgif-frame-041.jpg,1,202,232,2
ezgif-frame-042.jpg,1,186,231,2
ezgif-frame-043.jpg,1,162,237,0
ezgif-frame-044.jpg,1,147,245,0
ezgif-frame-045.jpg,1,138,246,1
ezgif-frame-046.jpg,1,178,203,0
ezgif-frame-047.jpg,1,224,159,0
ezgif-frame-048.jpg,1,252,136,0
ezgif-frame-049.jpg,1,280,115,0
ezgif-frame-050.jpg,1,295,105,0
ezgif-frame-051.jpg,1,315,95,0
ezgif-frame-052.jpg,2,334,89,0
ezgif-frame-053.jpg,1,339,86,0
ezgif-frame-054.jpg,2,342,86,0
ezgif-frame-055.jpg,2,349,97,2
ezgif-frame-056.jpg,1,355,90,0
ezgif-frame-057.jpg,2,359,82,0
ezgif-frame-058.jpg,1,361,71,1
ezgif-frame-059.jpg,1,357,76,1
ezgif-frame-060.jpg,2,355,81,0
ezgif-frame-061.jpg,1,353,90,0
ezgif-frame-062.jpg,1,353,100,0
ezgif-frame-063.jpg,1,350,118,0
ezgif-frame-064.jpg,1,351,139,0
ezgif-frame-065.jpg,1,350,171,0
ezgif-frame-066.jpg,1,349,196,0
ezgif-frame-067.jpg,1,350,246,2
ezgif-frame-068.jpg,1,348,261,2
ezgif-frame-069.jpg,1,344,266,2
ezgif-frame-070.jpg,1,345,272,0
ezgif-frame-071.jpg,1,341,236,1
ezgif-frame-072.jpg,1,347,201,0
ezgif-frame-073.jpg,1,352,160,0
ezgif-frame-074.jpg,1,352,141,0
ezgif-frame-075.jpg,1,354,123,0
ezgif-frame-076.jpg,1,353,114,0
ezgif-frame-077.jpg,1,353,106,0
ezgif-frame-078.jpg,1,354,106,0
ezgif-frame-079.jpg,1,356,108,2
ezgif-frame-080.jpg,1,356,108,2
ezgif-frame-081.jpg,1,355,102,0
ezgif-frame-082.jpg,1,355,90,0
ezgif-frame-083.jpg,1,358,75,0
ezgif-frame-084.jpg,2,356,76,1
ezgif-frame-085.jpg,1,356,71,1
ezgif-frame-086.jpg,1,341,77,0
ezgif-frame-087.jpg,1,332,81,0
ezgif-frame-088.jpg,2,323,88,0
ezgif-frame-089.jpg,1,302,113,0
ezgif-frame-090.jpg,2,286,131,0
ezgif-frame-091.jpg,1,269,162,0
ezgif-frame-092.jpg,1,253,194,0
ezgif-frame-093.jpg,1,231,231,2
ezgif-frame-094.jpg,1,216,235,2
ezgif-frame-095.jpg,1,194,247,0
ezgif-frame-096.jpg,1,178,258,0
ezgif-frame-097.jpg,1,166,264,0
ezgif-frame-098.jpg,1,176,245,1
ezgif-frame-099.jpg,1,218,187,0
ezgif-frame-100.jpg,1,240,160,0
ezgif-frame-101.jpg,1,263,135,0
ezgif-frame-102.jpg,1,275,121,0
ezgif-frame-103.jpg,1,291,109,0
ezgif-frame-104.jpg,1,300,104,0
ezgif-frame-105.jpg,1,312,100,0
ezgif-frame-106.jpg,1,318,101,0
ezgif-frame-107.jpg,1,326,104,2
ezgif-frame-108.jpg,1,327,99,2
ezgif-frame-109.jpg,1,334,83,0
ezgif-frame-110.jpg,2,337,79,0
ezgif-frame-111.jpg,2,338,69,1
ezgif-frame-112.jpg,1,323,80,0
ezgif-frame-113.jpg,2,315,83,0
ezgif-frame-114.jpg,2,308,94,0
ezgif-frame-115.jpg,1,290,112,0
ezgif-frame-116.jpg,1,279,128,0
ezgif-frame-117.jpg,1,260,159,0
ezgif-frame-118.jpg,1,246,186,0
ezgif-frame-119.jpg,1,224,220,2
ezgif-frame-120.jpg,1,212,223,2
ezgif-frame-121.jpg,1,192,234,0
ezgif-frame-122.jpg,1,179,244,0
ezgif-frame-123.jpg,1,158,268,1
ezgif-frame-124.jpg,2,163,257,1
ezgif-frame-125.jpg,1,208,195,0
ezgif-frame-126.jpg,1,229,163,0
ezgif-frame-127.jpg,1,244,145,0
ezgif-frame-128.jpg,1,271,112,0
ezgif-frame-129.jpg,1,287,95,0
ezgif-frame-130.jpg,1,295,89,0
ezgif-frame-131.jpg,1,317,82,0
ezgif-frame-132.jpg,1,324,83,0
ezgif-frame-133.jpg,1,329,85,0
ezgif-frame-134.jpg,2,330,85,0
ezgif-frame-135.jpg,1,333,91,2
ezgif-frame-136.jpg,1,335,82,0
ezgif-frame-137.jpg,1,337,74,0
ezgif-frame-138.jpg,1,332,70,1
ezgif-frame-139.jpg,2,322,54,0
ezgif-frame-140.jpg,2,319,49,0
ezgif-frame-141.jpg,1,310,45,0
ezgif-frame-142.jpg,1,304,44,0
ezgif-frame-143.jpg,1,293,45,0
ezgif-frame-144.jpg,1,287,47,0
ezgif-frame-145.jpg,1,278,52,0
ezgif-frame-146.jpg,1,265,63,0
ezgif-frame-147.jpg,1,253,77,0
ezgif-frame-148.jpg,1,246,91,0
ezgif-frame-149.jpg,1,232,116,0
ezgif-frame-150.jpg,1,223,135,0
ezgif-frame-151.jpg,1,210,169,0
ezgif-frame-152.jpg,1,199,195,0
ezgif-frame-153.jpg,1,187,238,2
ezgif-frame-154.jpg,1,180,228,0
ezgif-frame-155.jpg,1,169,215,0
ezgif-frame-156.jpg,1,163,208,0
ezgif-frame-157.jpg,1,152,203,0
ezgif-frame-158.jpg,1,145,205,0
ezgif-frame-159.jpg,2,135,210,0
ezgif-frame-160.jpg,1,125,220,0
ezgif-frame-161.jpg,1,116,236,0
ezgif-frame-162.jpg,1,108,252,0
ezgif-frame-163.jpg,1,96,279,1
ezgif-frame-164.jpg,1,143,227,0
ezgif-frame-165.jpg,1,193,170,0
ezgif-frame-166.jpg,1,220,145,0
ezgif-frame-167.jpg,1,250,118,0
ezgif-frame-168.jpg,1,264,107,0
ezgif-frame-169.jpg,1,285,95,0
ezgif-frame-170.jpg,1,296,93,0
ezgif-frame-171.jpg,1,309,94,0
ezgif-frame-172.jpg,2,321,94,0
ezgif-frame-173.jpg,1,326,104,2
ezgif-frame-174.jpg,1,328,97,2
ezgif-frame-175.jpg,1,329,82,0
ezgif-frame-176.jpg,2,334,71,0
ezgif-frame-177.jpg,2,329,68,1
ezgif-frame-178.jpg,2,326,73,0
ezgif-frame-179.jpg,1,325,72,0
ezgif-frame-180.jpg,1,315,79,0
ezgif-frame-181.jpg,1,307,98,0
ezgif-frame-182.jpg,1,298,110,0
ezgif-frame-183.jpg,1,286,139,0
ezgif-frame-184.jpg,1,277,161,0
ezgif-frame-185.jpg,1,265,200,0
ezgif-frame-186.jpg,1,259,208,2
ezgif-frame-187.jpg,1,247,212,0
ezgif-frame-188.jpg,1,240,219,0
ezgif-frame-189.jpg,1,228,236,0
ezgif-frame-190.jpg,1,219,250,0
ezgif-frame-191.jpg,1,213,264,1
ezgif-frame-192.jpg,1,235,212,0
ezgif-frame-193.jpg,1,258,165,0
ezgif-frame-194.jpg,1,269,143,0
ezgif-frame-195.jpg,1,284,117,0
ezgif-frame-196.jpg,1,293,106,0
ezgif-frame-197.jpg,2,302,94,0
ezgif-frame-198.jpg,2,312,86,0
ezgif-frame-199.jpg,2,318,85,0
ezgif-frame-200.jpg,1,320,88,0
