file name,visibility,x-coordinate,y-coordinate,status
ezgif-frame-001.jpg,1,332,96,2
ezgif-frame-002.jpg,1,333,96,2
ezgif-frame-003.jpg,1,333,89,0
ezgif-frame-004.jpg,1,334,82,0
ezgif-frame-005.jpg,1,335,71,0
ezgif-frame-006.jpg,1,335,67,1
ezgif-frame-007.jpg,1,324,75,0
ezgif-frame-008.jpg,1,318,79,0
ezgif-frame-009.jpg,1,303,95,0
ezgif-frame-010.jpg,1,296,105,0
ezgif-frame-011.jpg,1,282,127,0
ezgif-frame-012.jpg,1,271,148,0
ezgif-frame-013.jpg,1,252,190,0
ezgif-frame-014.jpg,1,238,213,0
ezgif-frame-015.jpg,1,220,247,2
ezgif-frame-016.jpg,1,209,249,2
ezgif-frame-017.jpg,1,191,259,0
ezgif-frame-018.jpg,1,178,269,1
ezgif-frame-019.jpg,1,229,204,0
ezgif-frame-020.jpg,1,253,174,0
ezgif-frame-021.jpg,1,282,138,0
ezgif-frame-022.jpg,1,300,122,0
ezgif-frame-023.jpg,1,319,107,0
ezgif-frame-024.jpg,1,333,98,0
ezgif-frame-025.jpg,1,345,94,0
ezgif-frame-026.jpg,1,354,91,0
ezgif-frame-027.jpg,1,368,95,0
ezgif-frame-028.jpg,1,372,96,0
ezgif-frame-029.jpg,2,380,97,2
ezgif-frame-030.jpg,1,384,94,2
ezgif-frame-031.jpg,1,386,79,0
ezgif-frame-032.jpg,1,393,71,0
ezgif-frame-033.jpg,2,392,71,1
ezgif-frame-034.jpg,2,384,69,0
ezgif-frame-035.jpg,1,378,69,0
ezgif-frame-036.jpg,1,365,64,0
ezgif-frame-037.jpg,1,342,69,0
ezgif-frame-038.jpg,1,331,75,0
ezgif-frame-039.jpg,2,314,93,0
ezgif-frame-040.jpg,1,290,107,0
ezgif-frame-041.jpg,2,265,132,0
ezgif-frame-042.jpg,1,247,153,0
ezgif-frame-043.jpg,1,219,191,0
ezgif-frame-044.jpg,1,202,210,2
ezgif-frame-045.jpg,1,180,202,0
ezgif-frame-046.jpg,1,168,200,0
ezgif-frame-047.jpg,1,145,203,0
ezgif-frame-048.jpg,2,126,215,0
ezgif-frame-049.jpg,1,107,221,0
ezgif-frame-050.jpg,1,88,236,1
ezgif-frame-051.jpg,1,149,189,0
ezgif-frame-052.jpg,1,187,163,0
ezgif-frame-053.jpg,1,234,132,0
ezgif-frame-054.jpg,2,258,118,0
ezgif-frame-055.jpg,1,287,107,0
ezgif-frame-056.jpg,1,300,104,0
ezgif-frame-057.jpg,1,320,100,0
ezgif-frame-058.jpg,1,331,101,0
ezgif-frame-059.jpg,1,345,104,2
ezgif-frame-060.jpg,2,349,102,2
ezgif-frame-061.jpg,1,354,82,0
ezgif-frame-062.jpg,1,357,72,0
ezgif-frame-063.jpg,2,359,68,1
ezgif-frame-064.jpg,2,352,71,0
ezgif-frame-065.jpg,1,341,76,0
ezgif-frame-066.jpg,1,324,81,0
ezgif-frame-067.jpg,1,306,98,0
ezgif-frame-068.jpg,1,296,112,0
ezgif-frame-069.jpg,1,277,141,0
ezgif-frame-070.jpg,1,263,161,0
ezgif-frame-071.jpg,1,245,202,0
ezgif-frame-072.jpg,1,230,235,0
ezgif-frame-073.jpg,3,214,258,2
ezgif-frame-074.jpg,1,200,250,0
ezgif-frame-075.jpg,1,184,257,1
ezgif-frame-076.jpg,1,216,212,0
ezgif-frame-077.jpg,1,255,167,0
ezgif-frame-078.jpg,1,273,146,0
ezgif-frame-079.jpg,1,301,120,0
ezgif-frame-080.jpg,1,312,110,0
ezgif-frame-081.jpg,1,327,101,0
ezgif-frame-082.jpg,1,335,99,0
ezgif-frame-083.jpg,1,347,96,0
ezgif-frame-084.jpg,1,351,92,0
ezgif-frame-085.jpg,2,361,90,0
ezgif-frame-086.jpg,1,363,94,2
ezgif-frame-087.jpg,1,367,82,0
ezgif-frame-088.jpg,1,369,75,1
ezgif-frame-089.jpg,2,367,72,0
ezgif-frame-090.jpg,2,363,71,0
ezgif-frame-091.jpg,2,356,67,0
ezgif-frame-092.jpg,1,332,67,0
ezgif-frame-093.jpg,1,317,72,0
ezgif-frame-094.jpg,1,303,79,0
ezgif-frame-095.jpg,2,287,93,0
ezgif-frame-096.jpg,1,269,108,0
ezgif-frame-097.jpg,1,246,134,0
ezgif-frame-098.jpg,1,231,152,0
ezgif-frame-099.jpg,1,208,188,0
ezgif-frame-100.jpg,1,195,203,2
ezgif-frame-101.jpg,1,175,195,0
ezgif-frame-102.jpg,1,165,193,0
ezgif-frame-103.jpg,1,148,193,0
ezgif-frame-104.jpg,1,136,196,0
ezgif-frame-105.jpg,1,116,206,0
ezgif-frame-106.jpg,1,106,215,0
ezgif-frame-107.jpg,1,85,239,0
ezgif-frame-108.jpg,1,74,258,1
ezgif-frame-109.jpg,1,110,222,1
ezgif-frame-110.jpg,1,179,177,0
ezgif-frame-111.jpg,1,228,146,0
ezgif-frame-112.jpg,2,255,130,0
ezgif-frame-113.jpg,2,276,118,0
ezgif-frame-114.jpg,1,306,110,0
ezgif-frame-115.jpg,1,328,108,0
ezgif-frame-116.jpg,2,346,110,0
ezgif-frame-117.jpg,1,355,112,2
ezgif-frame-118.jpg,1,363,101,0
ezgif-frame-119.jpg,1,370,87,0
ezgif-frame-120.jpg,2,377,77,0
ezgif-frame-121.jpg,2,379,73,1
ezgif-frame-122.jpg,2,376,71,1
ezgif-frame-123.jpg,2,369,75,0
ezgif-frame-124.jpg,1,360,83,0
ezgif-frame-125.jpg,1,344,92,0
ezgif-frame-126.jpg,1,329,109,0
ezgif-frame-127.jpg,1,309,132,0
ezgif-frame-128.jpg,1,299,157,0
ezgif-frame-129.jpg,1,278,195,0
ezgif-frame-130.jpg,1,264,224,0
ezgif-frame-131.jpg,1,242,242,2
ezgif-frame-132.jpg,1,230,246,2
ezgif-frame-133.jpg,1,207,258,0
ezgif-frame-134.jpg,1,191,271,1
ezgif-frame-135.jpg,1,204,215,0
ezgif-frame-136.jpg,1,216,180,0
ezgif-frame-137.jpg,1,226,144,0
ezgif-frame-138.jpg,1,231,128,0
ezgif-frame-139.jpg,1,239,111,0
ezgif-frame-140.jpg,1,242,102,0
ezgif-frame-141.jpg,1,246,95,0
ezgif-frame-142.jpg,2,248,87,0
ezgif-frame-143.jpg,2,250,94,0
ezgif-frame-144.jpg,2,252,96,2
ezgif-frame-145.jpg,1,251,95,2
ezgif-frame-146.jpg,2,252,86,0
ezgif-frame-147.jpg,1,252,77,0
ezgif-frame-148.jpg,1,252,69,0
ezgif-frame-149.jpg,2,256,66,1
ezgif-frame-150.jpg,2,270,67,1
ezgif-frame-151.jpg,1,284,68,0
ezgif-frame-152.jpg,1,299,73,0
ezgif-frame-153.jpg,1,318,87,0
ezgif-frame-154.jpg,1,330,100,0
ezgif-frame-155.jpg,1,352,124,0
ezgif-frame-156.jpg,1,365,142,0
ezgif-frame-157.jpg,1,390,182,0
ezgif-frame-158.jpg,1,418,235,0
ezgif-frame-159.jpg,1,431,249,2
ezgif-frame-160.jpg,1,441,244,2
ezgif-frame-161.jpg,1,464,243,0
ezgif-frame-162.jpg,1,479,247,1
ezgif-frame-163.jpg,1,445,224,0
ezgif-frame-164.jpg,1,398,180,0
ezgif-frame-165.jpg,1,350,151,0
ezgif-frame-166.jpg,1,326,140,0
ezgif-frame-167.jpg,1,297,126,0
ezgif-frame-168.jpg,1,280,122,0
ezgif-frame-169.jpg,1,259,118,0
ezgif-frame-170.jpg,1,251,119,2
ezgif-frame-171.jpg,1,238,107,2
ezgif-frame-172.jpg,1,232,94,0
ezgif-frame-173.jpg,2,220,78,0
ezgif-frame-174.jpg,1,213,73,0
ezgif-frame-175.jpg,1,210,77,0
ezgif-frame-176.jpg,2,217,75,1
ezgif-frame-177.jpg,1,229,81,0
ezgif-frame-178.jpg,1,238,84,0
ezgif-frame-179.jpg,1,239,86,0
ezgif-frame-180.jpg,1,251,97,0
ezgif-frame-181.jpg,1,264,120,0
ezgif-frame-182.jpg,1,273,133,0
ezgif-frame-183.jpg,1,289,165,0
ezgif-frame-184.jpg,1,302,192,0
ezgif-frame-185.jpg,1,316,240,0
ezgif-frame-186.jpg,1,327,256,2
ezgif-frame-187.jpg,1,341,255,2
ezgif-frame-188.jpg,1,351,257,0
ezgif-frame-189.jpg,1,367,264,1
ezgif-frame-190.jpg,1,361,227,1
ezgif-frame-191.jpg,1,350,174,0
ezgif-frame-192.jpg,1,346,149,0
ezgif-frame-193.jpg,1,341,122,0
ezgif-frame-194.jpg,1,339,112,0
ezgif-frame-195.jpg,1,337,99,0
ezgif-frame-196.jpg,1,335,96,2
ezgif-frame-197.jpg,2,334,92,2
ezgif-frame-198.jpg,2,332,82,0
ezgif-frame-199.jpg,2,330,74,0
ezgif-frame-200.jpg,2,329,68,0
