file name,visibility,x-coordinate,y-coordinate,status
ezgif-frame-001.jpg,1,332,68,1
ezgif-frame-002.jpg,1,333,67,1
ezgif-frame-003.jpg,1,335,68,0
ezgif-frame-004.jpg,1,343,71,0
ezgif-frame-005.jpg,1,358,79,0
ezgif-frame-006.jpg,1,366,88,0
ezgif-frame-007.jpg,2,380,104,0
ezgif-frame-008.jpg,1,392,118,0
ezgif-frame-009.jpg,1,408,149,0
ezgif-frame-010.jpg,2,424,180,0
ezgif-frame-011.jpg,1,437,216,0
ezgif-frame-012.jpg,1,448,245,2
ezgif-frame-013.jpg,1,461,243,2
ezgif-frame-014.jpg,1,471,247,0
ezgif-frame-015.jpg,1,482,258,0
ezgif-frame-016.jpg,1,493,269,1
ezgif-frame-017.jpg,1,475,223,0
ezgif-frame-018.jpg,1,463,198,0
ezgif-frame-019.jpg,1,441,155,0
ezgif-frame-020.jpg,1,425,133,0
ezgif-frame-021.jpg,2,408,117,0
ezgif-frame-022.jpg,2,383,109,0
ezgif-frame-023.jpg,2,371,101,0
ezgif-frame-024.jpg,2,370,101,0
ezgif-frame-025.jpg,1,367,97,2
ezgif-frame-026.jpg,2,365,90,2
ezgif-frame-027.jpg,2,363,84,0
ezgif-frame-028.jpg,2,362,77,0
ezgif-frame-029.jpg,2,360,68,0
ezgif-frame-030.jpg,2,358,67,1
ezgif-frame-031.jpg,2,359,71,0
ezgif-frame-032.jpg,2,362,74,0
ezgif-frame-033.jpg,1,375,79,1
ezgif-frame-034.jpg,1,374,75,1
ezgif-frame-035.jpg,1,385,87,0
ezgif-frame-036.jpg,1,390,98,0
ezgif-frame-037.jpg,1,396,120,0
ezgif-frame-038.jpg,1,403,131,0
ezgif-frame-039.jpg,1,409,163,0
ezgif-frame-040.jpg,1,414,190,0
ezgif-frame-041.jpg,1,419,211,2
ezgif-frame-042.jpg,1,427,215,2
ezgif-frame-043.jpg,1,433,227,0
ezgif-frame-044.jpg,1,438,238,0
ezgif-frame-045.jpg,1,444,265,0
ezgif-frame-046.jpg,1,448,286,1
ezgif-frame-047.jpg,1,432,235,0
ezgif-frame-048.jpg,1,421,202,0
ezgif-frame-049.jpg,1,411,166,0
ezgif-frame-050.jpg,1,404,144,0
ezgif-frame-051.jpg,1,395,122,0
ezgif-frame-052.jpg,1,389,110,0
ezgif-frame-053.jpg,1,383,97,0
ezgif-frame-054.jpg,1,381,91,0
ezgif-frame-055.jpg,1,378,91,0
ezgif-frame-056.jpg,1,371,87,0
ezgif-frame-057.jpg,1,369,88,0
ezgif-frame-058.jpg,1,367,89,0
ezgif-frame-059.jpg,2,365,94,0
ezgif-frame-060.jpg,1,363,99,2
ezgif-frame-061.jpg,2,361,93,2
ezgif-frame-062.jpg,1,360,82,0
ezgif-frame-063.jpg,1,363,78,0
ezgif-frame-064.jpg,1,360,76,1
ezgif-frame-065.jpg,1,341,77,0
ezgif-frame-066.jpg,1,322,91,0
ezgif-frame-067.jpg,1,308,107,0
ezgif-frame-068.jpg,2,291,127,0
ezgif-frame-069.jpg,1,271,148,0
ezgif-frame-070.jpg,1,255,174,0
ezgif-frame-071.jpg,1,225,219,0
ezgif-frame-072.jpg,1,213,223,2
ezgif-frame-073.jpg,1,189,226,2
ezgif-frame-074.jpg,1,176,232,0
ezgif-frame-075.jpg,1,153,248,0
ezgif-frame-076.jpg,1,138,265,1
ezgif-frame-077.jpg,1,164,226,0
ezgif-frame-078.jpg,1,209,193,0
ezgif-frame-079.jpg,1,243,165,0
ezgif-frame-080.jpg,1,263,149,0
ezgif-frame-081.jpg,1,287,135,0
ezgif-frame-082.jpg,1,305,129,0
ezgif-frame-083.jpg,1,318,122,0
ezgif-frame-084.jpg,1,327,122,0
ezgif-frame-085.jpg,1,338,116,2
ezgif-frame-086.jpg,1,342,106,2
ezgif-frame-087.jpg,2,350,92,0
ezgif-frame-088.jpg,2,355,84,0
ezgif-frame-089.jpg,1,358,81,1
ezgif-frame-090.jpg,2,364,81,1
ezgif-frame-091.jpg,2,353,83,1
ezgif-frame-092.jpg,2,349,86,1
ezgif-frame-093.jpg,2,351,87,0
ezgif-frame-094.jpg,1,347,91,0
ezgif-frame-095.jpg,1,338,99,0
ezgif-frame-096.jpg,1,332,106,0
ezgif-frame-097.jpg,1,325,116,0
ezgif-frame-098.jpg,1,319,131,0
ezgif-frame-099.jpg,1,311,149,0
ezgif-frame-100.jpg,1,307,168,0
ezgif-frame-101.jpg,1,299,195,0
ezgif-frame-102.jpg,1,292,215,0
ezgif-frame-103.jpg,1,288,226,2
ezgif-frame-104.jpg,1,284,225,2
ezgif-frame-105.jpg,1,282,230,0
ezgif-frame-106.jpg,1,280,235,0
ezgif-frame-107.jpg,1,276,236,1
ezgif-frame-108.jpg,1,272,194,0
ezgif-frame-109.jpg,1,266,155,0
ezgif-frame-110.jpg,1,263,135,0
ezgif-frame-111.jpg,1,259,117,0
ezgif-frame-112.jpg,1,256,109,0
ezgif-frame-113.jpg,1,250,104,0
ezgif-frame-114.jpg,1,247,102,0
ezgif-frame-115.jpg,1,244,104,2
ezgif-frame-116.jpg,1,243,94,2
ezgif-frame-117.jpg,1,238,79,0
ezgif-frame-118.jpg,1,234,68,0
ezgif-frame-119.jpg,2,232,67,1
ezgif-frame-120.jpg,2,233,67,1
ezgif-frame-121.jpg,1,226,72,0
ezgif-frame-122.jpg,1,221,80,0
ezgif-frame-123.jpg,1,216,94,0
ezgif-frame-124.jpg,1,213,112,0
ezgif-frame-125.jpg,1,207,139,0
ezgif-frame-126.jpg,1,205,164,0
ezgif-frame-127.jpg,1,198,208,0
ezgif-frame-128.jpg,1,195,241,0
ezgif-frame-129.jpg,1,189,248,2
ezgif-frame-130.jpg,1,184,250,2
ezgif-frame-131.jpg,1,179,259,2
ezgif-frame-132.jpg,1,212,223,1
ezgif-frame-133.jpg,1,253,174,0
ezgif-frame-134.jpg,1,275,153,0
ezgif-frame-135.jpg,2,298,132,0
ezgif-frame-136.jpg,1,316,114,0
ezgif-frame-137.jpg,1,335,109,0
ezgif-frame-138.jpg,1,343,105,0
ezgif-frame-139.jpg,1,356,104,0
ezgif-frame-140.jpg,1,362,107,2
ezgif-frame-141.jpg,1,371,101,2
ezgif-frame-142.jpg,1,375,92,0
ezgif-frame-143.jpg,1,383,79,0
ezgif-frame-144.jpg,1,383,78,0
ezgif-frame-145.jpg,2,379,73,1
ezgif-frame-146.jpg,2,372,71,0
ezgif-frame-147.jpg,1,360,79,0
ezgif-frame-148.jpg,1,351,83,0
ezgif-frame-149.jpg,1,340,93,0
ezgif-frame-150.jpg,1,328,109,0
ezgif-frame-151.jpg,2,307,131,0
ezgif-frame-152.jpg,1,302,150,0
ezgif-frame-153.jpg,1,284,182,0
ezgif-frame-154.jpg,1,274,211,0
ezgif-frame-155.jpg,1,258,219,2
ezgif-frame-156.jpg,1,249,216,2
ezgif-frame-157.jpg,1,232,217,0
ezgif-frame-158.jpg,1,226,222,0
ezgif-frame-159.jpg,1,210,234,0
ezgif-frame-160.jpg,1,198,246,1
ezgif-frame-161.jpg,1,210,192,0
ezgif-frame-162.jpg,1,218,167,0
ezgif-frame-163.jpg,1,225,136,0
ezgif-frame-164.jpg,1,229,122,0
ezgif-frame-165.jpg,1,234,111,0
ezgif-frame-166.jpg,1,235,106,0
ezgif-frame-167.jpg,1,237,102,2
ezgif-frame-168.jpg,1,237,101,2
ezgif-frame-169.jpg,2,239,89,0
ezgif-frame-170.jpg,2,244,75,0
ezgif-frame-171.jpg,2,244,73,0
ezgif-frame-172.jpg,2,246,68,1
ezgif-frame-173.jpg,1,253,73,0
ezgif-frame-174.jpg,1,263,75,0
ezgif-frame-175.jpg,1,282,84,0
ezgif-frame-176.jpg,2,302,96,0
ezgif-frame-177.jpg,1,316,112,0
ezgif-frame-178.jpg,1,330,128,0
ezgif-frame-179.jpg,1,356,156,0
ezgif-frame-180.jpg,1,373,182,0
ezgif-frame-181.jpg,1,404,225,0
ezgif-frame-182.jpg,1,422,241,2
ezgif-frame-183.jpg,1,441,239,2
ezgif-frame-184.jpg,1,453,243,0
ezgif-frame-185.jpg,1,445,222,1
ezgif-frame-186.jpg,1,405,186,0
ezgif-frame-187.jpg,1,362,145,0
ezgif-frame-188.jpg,1,339,127,0
ezgif-frame-189.jpg,2,323,116,0
ezgif-frame-190.jpg,1,298,101,0
ezgif-frame-191.jpg,1,279,95,0
ezgif-frame-192.jpg,1,256,94,0
ezgif-frame-193.jpg,2,249,97,2
ezgif-frame-194.jpg,1,247,97,2
ezgif-frame-195.jpg,2,238,80,0
ezgif-frame-196.jpg,1,233,80,1
ezgif-frame-197.jpg,2,229,78,0
ezgif-frame-198.jpg,1,229,79,0
ezgif-frame-199.jpg,1,231,80,0
ezgif-frame-200.jpg,1,229,84,0
